cust_id,prd_id,sample_date,label,f_buy_count(trx_amt)_w30d_10d_cond11,f_buy_sum(trx_amt)_w30d_10d_cond11,f_buy_avg(trx_amt)_w30d_10d_cond11,f_buy_count(trx_amt)_w60d_cond11,f_buy_sum(trx_amt)_w60d_cond11,f_buy_avg(trx_amt)_w60d_cond11,f_buy_count(trx_amt)_w90d_cond11,f_buy_sum(trx_amt)_w90d_cond11,f_buy_avg(trx_amt)_w90d_cond11,f_buy_count(trx_amt)_w180d_cond11,f_buy_sum(trx_amt)_w180d_cond11,f_buy_avg(trx_amt)_w180d_cond11,f_buy_count(trx_amt)_w360d_cond11,f_buy_sum(trx_amt)_w360d_cond11,f_buy_avg(trx_amt)_w360d_cond11,f_buy_count(trx_amt)_cond21,f_buy_sum(trx_amt)_cond21,f_buy_avg(trx_amt)_cond21
cust_0,prd_0,2023-08-07 00:00:00,1,821,404195.63703547267,492.3211169737791,2244,1112856.814036046,495.92549645100087,3462,1727524.570753342,498.9961209570599,7097,3535842.8895952883,498.21655482531895,14613,7308672.609355521,500.1486764768012,5012,2456178.6591602922,490.05958881889376
cust_0,prd_2,2023-08-07 00:00:00,0,821,404195.63703547267,492.3211169737791,2244,1112856.814036046,495.92549645100087,3462,1727524.570753342,498.9961209570599,7097,3535842.8895952883,498.21655482531895,14613,7308672.609355521,500.1486764768012,5012,2456178.6591602922,490.05958881889376
cust_0,prd_1,2023-08-08 00:00:00,0,814,405026.77373413206,497.5758891082699,2205,1088824.478312431,493.797949348041,3414,1698961.3681361305,497.64539195551515,7055,3516367.692895329,498.4220684472473,14569,7284765.894767159,500.01825072188427,5012,2456178.6591602922,490.05958881889376
cust_0,prd_4,2023-08-09 00:00:00,0,806,402363.6076173589,499.2104312870456,2149,1060287.5789225523,493.38649554330016,3382,1682579.8016606653,497.5102902603974,7017,3496577.953171196,498.3009766525859,14531,7266249.339598293,500.0515683434225,5012,2456178.6591602922,490.05958881889376
cust_0,prd_3,2023-08-10 00:00:00,1,795,393607.2694320891,495.103483562376,2118,1045487.6446902842,493.62022884338245,3338,1657662.8239517724,496.6036021425316,6982,3480819.7646167655,498.5419313401268,14486,7240443.856193185,499.82354384876174,5012,2456178.6591602922,490.05958881889376
cust_1,prd_0,2023-08-08 00:00:00,1,868,413565.89497401164,476.45840434793934,2294,1120340.3718984397,488.3785404962685,3538,1741802.2906261545,492.3126881362781,7363,3644017.4637454883,494.90933909350565,14701,7286056.87981154,495.6164124761277,5030,2510196.144973239,499.04495923921166
cust_1,prd_1,2023-08-08 00:00:00,0,868,413565.89497401164,476.45840434793934,2294,1120340.3718984397,488.3785404962685,3538,1741802.2906261545,492.3126881362781,7363,3644017.4637454883,494.90933909350565,14701,7286056.87981154,495.6164124761277,5030,2510196.144973239,499.04495923921166
cust_1,prd_3,2023-08-09 00:00:00,0,852,412008.2468111656,483.57775447319887,2253,1098048.1098368196,487.3715534118154,3499,1723575.9981693833,492.5910254842473,7324,3622962.7615542733,494.66995652024417,14662,7264533.997294875,495.4667847016019,5030,2510196.144973239,499.04495923921166
cust_1,prd_2,2023-08-10 00:00:00,1,856,408609.1330365861,477.34711803339485,2216,1081793.199398871,488.173826443534,3455,1700813.1756743463,492.27588297376076,7280,3601174.730214809,494.6668585459896,14616,7239053.259631114,495.28279006781094,5030,2510196.144973239,499.04495923921166
cust_1,prd_4,2023-08-10 00:00:00,1,856,408609.1330365861,477.34711803339485,2216,1081793.199398871,488.173826443534,3455,1700813.1756743463,492.27588297376076,7280,3601174.730214809,494.6668585459896,14616,7239053.259631114,495.28279006781094,5030,2510196.144973239,499.04495923921166
cust_10,prd_2,2023-08-07 00:00:00,0,831,403884.3075833124,486.0220307861768,2273,1125479.6805328135,495.15164123748957,3571,1761908.7355044298,493.39365317962137,7346,3657013.6579976203,497.82380315785866,14815,7336724.70900989,495.2227275740731,4995,2510022.208075821,502.5069485637278
cust_10,prd_1,2023-08-08 00:00:00,0,836,410629.88082781015,491.18406797585016,2235,1108286.0333088883,495.877419825006,3532,1743768.456585811,493.70567853505344,7303,3636034.869412588,497.8823592239621,14770,7314165.247619655,495.2041467582708,4995,2510022.208075821,502.5069485637278
cust_10,prd_0,2023-08-09 00:00:00,1,824,401918.2466977176,487.7648624972303,2181,1082095.071477008,496.1462959546117,3494,1727837.0855638243,494.51547955461416,7269,3618584.3438532986,497.8104751483429,14735,7296114.950281634,495.1554089095105,4995,2510022.208075821,502.5069485637278
cust_10,prd_4,2023-08-09 00:00:00,0,824,401918.2466977176,487.7648624972303,2181,1082095.071477008,496.1462959546117,3494,1727837.0855638243,494.51547955461416,7269,3618584.3438532986,497.8104751483429,14735,7296114.950281634,495.1554089095105,4995,2510022.208075821,502.5069485637278
cust_10,prd_3,2023-08-10 00:00:00,0,816,400359.5034605062,490.6366463976797,2137,1057435.6814921075,494.82249952836077,3444,1705599.304420124,495.23789326948946,7231,3601524.425195438,498.0672694226862,14695,7274704.9666297445,495.04627197208254,4995,2510022.208075821,502.5069485637278
cust_11,prd_0,2023-08-07 00:00:00,1,811,410408.68669086846,506.0526346373224,2291,1153895.8897164736,503.6647270696078,3545,1789660.747832356,504.8408315465043,7287,3672908.7706707185,504.03578573771233,14950,7539419.802320542,504.30901687762895,5008,2494943.850898289,498.1916635180276
cust_11,prd_1,2023-08-07 00:00:00,0,811,410408.68669086846,506.0526346373224,2291,1153895.8897164736,503.6647270696078,3545,1789660.747832356,504.8408315465043,7287,3672908.7706707185,504.03578573771233,14950,7539419.802320542,504.30901687762895,5008,2494943.850898289,498.1916635180276
cust_11,prd_2,2023-08-08 00:00:00,0,816,411459.8905819374,504.2400619876686,2254,1132668.5186587952,502.51487074480656,3495,1763503.063902717,504.57884517960474,7251,3656883.782202213,504.3282005519519,14903,7513895.210236285,504.18675503162416,5008,2494943.850898289,498.1916635180276
cust_11,prd_4,2023-08-08 00:00:00,0,816,411459.8905819374,504.2400619876686,2254,1132668.5186587952,502.51487074480656,3495,1763503.063902717,504.57884517960474,7251,3656883.782202213,504.3282005519519,14903,7513895.210236285,504.18675503162416,5008,2494943.850898289,498.1916635180276
cust_11,prd_3,2023-08-10 00:00:00,1,820,415867.78307811194,507.1558330220878,2159,1089893.6242505342,504.8140918251661,3419,1727082.308664606,505.14252958894645,7170,3619021.211759844,504.7449388786379,14807,7464570.59930817,504.12444109598016,5008,2494943.850898289,498.1916635180276
cust_13,prd_1,2023-08-07 00:00:00,1,832,414582.2173695206,498.295934338367,2273,1136603.22907586,500.04541534353615,3493,1743927.1506036844,499.26342702653494,7341,3670012.35757053,499.93357275173963,14825,7404586.798634181,499.4662258775143,4900,2471694.551528069,504.42745949552364
cust_13,prd_3,2023-08-07 00:00:00,0,832,414582.2173695206,498.295934338367,2273,1136603.22907586,500.04541534353615,3493,1743927.1506036844,499.26342702653494,7341,3670012.35757053,499.93357275173963,14825,7404586.798634181,499.4662258775143,4900,2471694.551528069,504.42745949552364
cust_13,prd_2,2023-08-08 00:00:00,1,821,407740.39410372305,496.6387260703093,2217,1111592.467476329,501.39488835197426,3446,1722094.6924117403,499.7372874090953,7301,3650290.4736304125,499.9713016888649,14774,7381584.712327766,499.63345825962733,4900,2471694.551528069,504.42745949552364
cust_13,prd_0,2023-08-09 00:00:00,0,831,413129.88217862986,497.1478726577988,2183,1095226.9100316092,501.7072423415512,3401,1699103.983727763,499.5895277058996,7264,3634304.1516648512,500.3172014957109,14727,7358755.320862842,499.6778244627425,4900,2471694.551528069,504.42745949552364
cust_13,prd_4,2023-08-10 00:00:00,1,826,409723.3168381646,496.03307123264574,2132,1066992.179586811,500.4653750407166,3356,1675498.343207115,499.25457187339595,7222,3612119.12714824,500.1549608347042,14674,7332584.572144355,499.6990985514734,4900,2471694.551528069,504.42745949552364
cust_14,prd_4,2023-08-07 00:00:00,1,821,417747.78050027206,508.8279908651302,2315,1148850.2978221225,496.2636275689507,3596,1785499.3375999616,496.52373125694123,7268,3660633.7420950807,503.66452147703365,14639,7334068.613726901,500.99519186603777,4915,2459689.7179416874,500.4455173838628
cust_14,prd_0,2023-08-08 00:00:00,0,832,422142.4858641166,507.3827955097553,2260,1122391.770798556,496.63352690201515,3548,1760337.8301344553,496.1493320559341,7224,3640254.441482153,503.91119068136123,14599,7313014.3006916605,500.9257004378167,4915,2459689.7179416874,500.4455173838628
cust_14,prd_2,2023-08-08 00:00:00,1,832,422142.4858641166,507.3827955097553,2260,1122391.770798556,496.63352690201515,3548,1760337.8301344553,496.1493320559341,7224,3640254.441482153,503.91119068136123,14599,7313014.3006916605,500.9257004378167,4915,2459689.7179416874,500.4455173838628
cust_14,prd_1,2023-08-10 00:00:00,1,863,433261.2711267243,502.04087036700383,2165,1074498.647064382,496.3042249720004,3466,1724956.4702682262,497.6793047513631,7146,3604354.9568482684,504.3877633428869,14522,7274920.212826412,500.95856031031803,4915,2459689.7179416874,500.4455173838628
cust_14,prd_3,2023-08-10 00:00:00,1,863,433261.2711267243,502.04087036700383,2165,1074498.647064382,496.3042249720004,3466,1724956.4702682262,497.6793047513631,7146,3604354.9568482684,504.3877633428869,14522,7274920.212826412,500.95856031031803,4915,2459689.7179416874,500.4455173838628
cust_16,prd_2,2023-08-07 00:00:00,1,827,424418.95162234735,513.2030853958245,2259,1130801.5668394924,500.57616947299414,3480,1721477.3992272743,494.6774135710552,7105,3506546.216883795,493.53219097590386,14638,7248014.728997847,495.1506168190906,5033,2490239.551920874,494.78234689467035
cust_16,prd_1,2023-08-09 00:00:00,0,825,423546.01340242487,513.3891071544537,2177,1091547.3543350336,501.3997952848118,3393,1685193.8979745167,496.66781549499393,7023,3464451.0823819656,493.30073791570095,14555,7204283.417260002,494.9696610965305,5033,2490239.551920874,494.78234689467035
cust_16,prd_3,2023-08-09 00:00:00,0,825,423546.01340242487,513.3891071544537,2177,1091547.3543350336,501.3997952848118,3393,1685193.8979745167,496.66781549499393,7023,3464451.0823819656,493.30073791570095,14555,7204283.417260002,494.9696610965305,5033,2490239.551920874,494.78234689467035
cust_16,prd_4,2023-08-09 00:00:00,0,825,423546.01340242487,513.3891071544537,2177,1091547.3543350336,501.3997952848118,3393,1685193.8979745167,496.66781549499393,7023,3464451.0823819656,493.30073791570095,14555,7204283.417260002,494.9696610965305,5033,2490239.551920874,494.78234689467035
cust_16,prd_0,2023-08-10 00:00:00,0,830,425534.2817472214,512.6919057195433,2142,1074508.9429201041,501.6381619608335,3355,1666578.883085863,496.7448235725366,6995,3451146.361963859,493.3733183650977,14510,7180212.686728418,494.8458088717033,5033,2490239.551920874,494.78234689467035
cust_18,prd_2,2023-08-07 00:00:00,0,837,429018.1440745753,512.5664803758375,2340,1184506.5881017463,506.1993966246792,3569,1818728.4898663987,509.5904987017087,7283,3681503.9022582723,505.4927780115731,14774,7401295.29652222,500.9675982484253,4836,2460526.8201749455,508.79380069787936
cust_18,prd_1,2023-08-08 00:00:00,0,844,437510.38713362784,518.3772359403177,2304,1169381.0793748614,507.54387125645167,3519,1787883.5890699602,508.06581104574036,7239,3660722.10611921,505.6944475921018,14735,7381579.73456075,500.9555300007307,4836,2460526.8201749455,508.79380069787936
cust_18,prd_0,2023-08-09 00:00:00,0,849,442927.3334944878,521.7047508769001,2256,1146651.0059654051,508.2672898782841,3490,1772742.56086939,507.94915784223207,7208,3644382.8671839037,505.60250654604874,14695,7360127.813229635,500.8593272017456,4836,2460526.8201749455,508.79380069787936
cust_18,prd_3,2023-08-10 00:00:00,0,847,442992.9337227894,523.0140894011686,2216,1128345.4211446333,509.1811467259187,3450,1752710.5042739944,508.032030224346,7167,3623834.3870300087,505.6277922464106,14647,7333728.176561138,500.69831204759726,4836,2460526.8201749455,508.79380069787936
cust_18,prd_4,2023-08-10 00:00:00,1,847,442992.9337227894,523.0140894011686,2216,1128345.4211446333,509.1811467259187,3450,1752710.5042739944,508.032030224346,7167,3623834.3870300087,505.6277922464106,14647,7333728.176561138,500.69831204759726,4836,2460526.8201749455,508.79380069787936
cust_19,prd_2,2023-08-07 00:00:00,1,853,427735.4703286656,501.4483825658452,2282,1141495.5940856826,500.2171753223847,3496,1758126.6117231124,502.8966280672524,7207,3624569.3845753036,502.9234611593322,14697,7391191.432394935,502.90477188507367,5031,2503934.050371039,497.7010634806275
cust_19,prd_1,2023-08-08 00:00:00,0,861,429872.5841115099,499.27129397387944,2240,1120468.5842001603,500.2091893750713,3462,1738251.5010101632,502.09459878976446,7166,3602123.7468128684,502.6686780369622,14662,7375090.677360678,503.00713936438876,5031,2503934.050371039,497.7010634806275
cust_19,prd_3,2023-08-08 00:00:00,0,861,429872.5841115099,499.27129397387944,2240,1120468.5842001603,500.2091893750713,3462,1738251.5010101632,502.09459878976446,7166,3602123.7468128684,502.6686780369622,14662,7375090.677360678,503.00713936438876,5031,2503934.050371039,497.7010634806275
cust_19,prd_0,2023-08-09 00:00:00,0,860,426308.7752689892,495.7078782197552,2194,1100822.9259782126,501.74244575123583,3418,1717660.0519397873,502.5336606026299,7120,3582319.059253082,503.13469933329833,14624,7357884.085851295,503.1375879274673,5031,2503934.050371039,497.7010634806275
cust_19,prd_4,2023-08-10 00:00:00,0,857,427050.1492941674,498.30822554745356,2153,1080849.6020895005,502.0202517833251,3381,1698753.0083838396,502.4409962685124,7082,3564761.425536043,503.3551857577021,14590,7337707.098545777,502.9271486323349,5031,2503934.050371039,497.7010634806275
cust_20,prd_0,2023-08-07 00:00:00,1,855,425623.42246858205,497.8051724778737,2222,1109129.343397116,499.15812034073684,3530,1779122.5676658354,504.00072738408926,7371,3697060.940352573,501.5684358096007,14906,7498430.532231569,503.04780170613105,4904,2422934.564411571,494.07311672340296
cust_20,prd_1,2023-08-08 00:00:00,1,845,421718.84706275864,499.0755586541522,2177,1088590.3181510647,500.0414874373293,3489,1759227.6570856273,504.2211685542068,7334,3676765.960901561,501.33160088649487,14861,7477010.618153871,503.1297098549148,4904,2422934.564411571,494.07311672340296
cust_20,prd_4,2023-08-08 00:00:00,1,845,421718.84706275864,499.0755586541522,2177,1088590.3181510647,500.0414874373293,3489,1759227.6570856273,504.2211685542068,7334,3676765.960901561,501.33160088649487,14861,7477010.618153871,503.1297098549148,4904,2422934.564411571,494.07311672340296
cust_20,prd_2,2023-08-10 00:00:00,1,834,416363.79712669796,499.23716681858247,2083,1041645.5841909965,500.0698915943336,3401,1718640.8924096646,505.3339877711451,7252,3634372.604999541,501.15452357963756,14792,7446428.5368701955,503.4091763703499,4904,2422934.564411571,494.07311672340296
cust_20,prd_3,2023-08-10 00:00:00,0,834,416363.79712669796,499.23716681858247,2083,1041645.5841909965,500.0698915943336,3401,1718640.8924096646,505.3339877711451,7252,3634372.604999541,501.15452357963756,14792,7446428.5368701955,503.4091763703499,4904,2422934.564411571,494.07311672340296
cust_21,prd_0,2023-08-08 00:00:00,1,817,409393.41853155696,501.09353553434187,2242,1135182.6745810932,506.32590302457277,3508,1769506.5557235042,504.42034085618707,7360,3709782.993416254,504.0466023663394,14941,7481071.623122534,500.7075579360487,4963,2478560.6215312653,499.40774159404884
cust_21,prd_1,2023-08-08 00:00:00,0,817,409393.41853155696,501.09353553434187,2242,1135182.6745810932,506.32590302457277,3508,1769506.5557235042,504.42034085618707,7360,3709782.993416254,504.0466023663394,14941,7481071.623122534,500.7075579360487,4963,2478560.6215312653,499.40774159404884
cust_21,prd_2,2023-08-08 00:00:00,1,817,409393.41853155696,501.09353553434187,2242,1135182.6745810932,506.32590302457277,3508,1769506.5557235042,504.42034085618707,7360,3709782.993416254,504.0466023663394,14941,7481071.623122534,500.7075579360487,4963,2478560.6215312653,499.40774159404884
cust_21,prd_3,2023-08-10 00:00:00,1,825,418374.89426424715,507.121083956664,2158,1091266.9841464064,505.684422681374,3424,1725469.790070809,503.9339340160069,7278,3672448.1529074097,504.59578907768775,14864,7442106.5147128105,500.6799323676521,4963,2478560.6215312653,499.40774159404884
cust_21,prd_4,2023-08-10 00:00:00,1,825,418374.89426424715,507.121083956664,2158,1091266.9841464064,505.684422681374,3424,1725469.790070809,503.9339340160069,7278,3672448.1529074097,504.59578907768775,14864,7442106.5147128105,500.6799323676521,4963,2478560.6215312653,499.40774159404884
cust_23,prd_1,2023-08-08 00:00:00,0,825,414417.36420163664,502.32407782016526,2278,1152706.8345046784,506.01704763155266,3547,1804538.5894268728,508.75065955085194,7327,3683376.235103204,502.7127385155204,14953,7468272.108844581,499.44974980569646,4910,2481620.34306838,505.42165846606684
cust_23,prd_0,2023-08-09 00:00:00,0,822,413431.77224125713,502.9583603908233,2236,1128114.2215811033,504.52335491104714,3505,1785185.8527648798,509.32549294290425,7290,3666632.7207135106,502.967451401032,14914,7448291.967182266,499.4161168822763,4910,2481620.34306838,505.42165846606684
cust_23,prd_2,2023-08-09 00:00:00,1,822,413431.77224125713,502.9583603908233,2236,1128114.2215811033,504.52335491104714,3505,1785185.8527648798,509.32549294290425,7290,3666632.7207135106,502.967451401032,14914,7448291.967182266,499.4161168822763,4910,2481620.34306838,505.42165846606684
cust_23,prd_3,2023-08-09 00:00:00,1,822,413431.77224125713,502.9583603908233,2236,1128114.2215811033,504.52335491104714,3505,1785185.8527648798,509.32549294290425,7290,3666632.7207135106,502.967451401032,14914,7448291.967182266,499.4161168822763,4910,2481620.34306838,505.42165846606684
cust_23,prd_4,2023-08-09 00:00:00,1,822,413431.77224125713,502.9583603908233,2236,1128114.2215811033,504.52335491104714,3505,1785185.8527648798,509.32549294290425,7290,3666632.7207135106,502.967451401032,14914,7448291.967182266,499.4161168822763,4910,2481620.34306838,505.42165846606684
cust_25,prd_3,2023-08-08 00:00:00,0,848,427936.3281561389,504.64189641054094,2250,1130062.0144338557,502.249784192824,3497,1747259.8503326783,499.6453675529527,7163,3590832.746068095,501.30291024264847,14564,7264751.994365478,498.81570958291076,4976,2494607.963102173,501.3279668613695
cust_25,prd_0,2023-08-09 00:00:00,1,857,429120.62660855206,500.7241850741565,2208,1109274.702456892,502.3889050982293,3455,1726736.6647979328,499.77906361734597,7120,3569850.1746739782,501.38345149915386,14522,7246995.415477611,499.0356297670873,4976,2494607.963102173,501.3279668613695
cust_25,prd_1,2023-08-09 00:00:00,1,857,429120.62660855206,500.7241850741565,2208,1109274.702456892,502.3889050982293,3455,1726736.6647979328,499.77906361734597,7120,3569850.1746739782,501.38345149915386,14522,7246995.415477611,499.0356297670873,4976,2494607.963102173,501.3279668613695
cust_25,prd_2,2023-08-09 00:00:00,0,857,429120.62660855206,500.7241850741565,2208,1109274.702456892,502.3889050982293,3455,1726736.6647979328,499.77906361734597,7120,3569850.1746739782,501.38345149915386,14522,7246995.415477611,499.0356297670873,4976,2494607.963102173,501.3279668613695
cust_25,prd_4,2023-08-10 00:00:00,0,856,429008.7416709113,501.1784365314383,2169,1089512.7653687263,502.3110951446405,3413,1706138.5365558164,499.8940921640239,7067,3542223.0230500903,501.2343318310581,14484,7226459.897771165,498.9270849054954,4976,2494607.963102173,501.3279668613695
cust_27,prd_0,2023-08-07 00:00:00,0,807,396945.71853130474,491.8782137934392,2299,1148444.9903928814,499.5411006493602,3542,1777402.6490080287,501.80763664822865,7379,3707576.7662692196,502.4497582693076,14834,7426110.722103284,500.614178380968,4964,2458439.6226716703,495.253751545461
cust_27,prd_4,2023-08-08 00:00:00,0,810,392885.65792872594,485.04402213422986,2259,1127783.8458057642,499.240303588208,3507,1759523.7302304846,501.7176305190995,7346,3691686.3680875143,502.5437473574076,14796,7403484.998509046,500.3707081987727,4964,2458439.6226716703,495.253751545461
cust_27,prd_1,2023-08-10 00:00:00,1,798,389529.72808849363,488.13249133896477,2180,1087320.6339556596,498.77093300718246,3424,1716009.4574445635,501.1709864032011,7266,3648980.6661502784,502.19937601848073,14709,7361527.575860955,500.4777738704844,4964,2458439.6226716703,495.253751545461
cust_27,prd_2,2023-08-10 00:00:00,0,798,389529.72808849363,488.13249133896477,2180,1087320.6339556596,498.77093300718246,3424,1716009.4574445635,501.1709864032011,7266,3648980.6661502784,502.19937601848073,14709,7361527.575860955,500.4777738704844,4964,2458439.6226716703,495.253751545461
cust_27,prd_3,2023-08-10 00:00:00,0,798,389529.72808849363,488.13249133896477,2180,1087320.6339556596,498.77093300718246,3424,1716009.4574445635,501.1709864032011,7266,3648980.6661502784,502.19937601848073,14709,7361527.575860955,500.4777738704844,4964,2458439.6226716703,495.253751545461
cust_28,prd_0,2023-08-07 00:00:00,0,789,398862.4576211921,505.5290971117763,2198,1098086.5228900616,499.584405318499,3450,1719359.7041570046,498.36513163971085,7191,3594629.4711644407,499.8789418946508,14797,7377550.067941116,498.5841770589388,4995,2516922.6584671186,503.8884201135366
cust_28,prd_1,2023-08-08 00:00:00,1,786,397715.2117654901,505.9989971571111,2160,1082112.1899874192,500.9778657349163,3407,1697583.8848585496,498.26354119710794,7156,3577621.9277859367,499.9471671025615,14749,7353380.763836257,498.5680903001055,4995,2516922.6584671186,503.8884201135366
cust_28,prd_2,2023-08-08 00:00:00,1,786,397715.2117654901,505.9989971571111,2160,1082112.1899874192,500.9778657349163,3407,1697583.8848585496,498.26354119710794,7156,3577621.9277859367,499.9471671025615,14749,7353380.763836257,498.5680903001055,4995,2516922.6584671186,503.8884201135366
cust_28,prd_4,2023-08-08 00:00:00,1,786,397715.2117654901,505.9989971571111,2160,1082112.1899874192,500.9778657349163,3407,1697583.8848585496,498.26354119710794,7156,3577621.9277859367,499.9471671025615,14749,7353380.763836257,498.5680903001055,4995,2516922.6584671186,503.8884201135366
cust_28,prd_3,2023-08-10 00:00:00,1,778,393690.48461520683,506.02890053368407,2083,1045559.9890291097,501.9491065910275,3316,1650846.8523021499,497.842838450587,7052,3528019.1235691253,500.2863192809301,14658,7305418.487441873,498.3912189549649,4995,2516922.6584671186,503.8884201135366
cust_29,prd_2,2023-08-07 00:00:00,0,881,445549.56877588487,505.73163311678167,2370,1203899.8040685453,507.97460087280405,3630,1832599.8839706734,504.8484528844841,7278,3682370.120897607,505.9590712967309,14624,7324778.41100432,500.87379725138726,4906,2453432.6008570907,500.0881779162433
cust_29,prd_3,2023-08-07 00:00:00,0,881,445549.56877588487,505.73163311678167,2370,1203899.8040685453,507.97460087280405,3630,1832599.8839706734,504.8484528844841,7278,3682370.120897607,505.9590712967309,14624,7324778.41100432,500.87379725138726,4906,2453432.6008570907,500.0881779162433
cust_29,prd_0,2023-08-08 00:00:00,0,878,441227.3487966219,502.53684373191527,2330,1186521.6964925656,509.2367796105432,3585,1811609.3638875433,505.33036649582897,7249,3668180.5111247334,506.0257292212352,14570,7295486.409851106,500.7197261394012,4906,2453432.6008570907,500.0881779162433
cust_29,prd_1,2023-08-08 00:00:00,0,878,441227.3487966219,502.53684373191527,2330,1186521.6964925656,509.2367796105432,3585,1811609.3638875433,505.33036649582897,7249,3668180.5111247334,506.0257292212352,14570,7295486.409851106,500.7197261394012,4906,2453432.6008570907,500.0881779162433
cust_29,prd_4,2023-08-08 00:00:00,0,878,441227.3487966219,502.53684373191527,2330,1186521.6964925656,509.2367796105432,3585,1811609.3638875433,505.33036649582897,7249,3668180.5111247334,506.0257292212352,14570,7295486.409851106,500.7197261394012,4906,2453432.6008570907,500.0881779162433
cust_30,prd_3,2023-08-07 00:00:00,0,797,408111.1828424716,512.0592005551711,2303,1166430.9379155985,506.48325571671677,3566,1807139.4629362542,506.7693390174586,7296,3668789.6688636057,502.8494611929287,14820,7438565.292334615,501.92748261367166,4964,2487935.928682972,501.19579546393607
cust_30,prd_1,2023-08-08 00:00:00,0,792,402004.7244265707,507.58172276082144,2261,1146771.6310054094,507.1966523686022,3530,1791697.9345762688,507.5631542708987,7249,3645706.6178930504,502.9254542548008,14778,7416103.279955448,501.83402895895557,4964,2487935.928682972,501.19579546393607
cust_30,prd_0,2023-08-10 00:00:00,1,820,418114.79786446836,509.896094956669,2172,1100283.1621926096,506.5760415251429,3442,1746734.1212198795,507.4765023881124,7176,3607434.725126625,502.70829502879366,14677,7366191.920784676,501.88675620253986,4964,2487935.928682972,501.19579546393607
cust_30,prd_2,2023-08-10 00:00:00,0,820,418114.79786446836,509.896094956669,2172,1100283.1621926096,506.5760415251429,3442,1746734.1212198795,507.4765023881124,7176,3607434.725126625,502.70829502879366,14677,7366191.920784676,501.88675620253986,4964,2487935.928682972,501.19579546393607
cust_30,prd_4,2023-08-10 00:00:00,1,820,418114.79786446836,509.896094956669,2172,1100283.1621926096,506.5760415251429,3442,1746734.1212198795,507.4765023881124,7176,3607434.725126625,502.70829502879366,14677,7366191.920784676,501.88675620253986,4964,2487935.928682972,501.19579546393607
cust_32,prd_3,2023-08-08 00:00:00,1,849,422713.4500283875,497.8957008579366,2282,1139356.6894534733,499.2798814432387,3508,1745294.8275232636,497.5184799097105,7190,3579668.5052585043,497.86766415278316,14843,7407198.6803218275,499.03649399190493,5015,2505648.93580662,499.630894477889
cust_32,prd_0,2023-08-09 00:00:00,0,848,415606.8345796282,490.10239926843013,2244,1120509.1482034833,499.3356275416583,3464,1725442.3621370913,498.1069174760657,7155,3562436.8984648217,497.8947447190536,14793,7382007.093351561,499.0202861726208,5015,2505648.93580662,499.630894477889
cust_32,prd_2,2023-08-09 00:00:00,1,848,415606.8345796282,490.10239926843013,2244,1120509.1482034833,499.3356275416583,3464,1725442.3621370913,498.1069174760657,7155,3562436.8984648217,497.8947447190536,14793,7382007.093351561,499.0202861726208,5015,2505648.93580662,499.630894477889
cust_32,prd_4,2023-08-09 00:00:00,1,848,415606.8345796282,490.10239926843013,2244,1120509.1482034833,499.3356275416583,3464,1725442.3621370913,498.1069174760657,7155,3562436.8984648217,497.8947447190536,14793,7382007.093351561,499.0202861726208,5015,2505648.93580662,499.630894477889
cust_32,prd_1,2023-08-10 00:00:00,1,852,420061.15515265625,493.02952482706166,2205,1102388.0128209353,499.9492121636886,3414,1699413.0021065623,497.77768075763413,7113,3542329.0072421846,498.0077333392648,14755,7363999.265941605,499.0850061634447,5015,2505648.93580662,499.630894477889
cust_34,prd_4,2023-08-07 00:00:00,1,832,411908.57348977705,495.0824200598282,2220,1107233.6457985053,498.75389450383176,3498,1757113.3973309197,502.3194389167866,7265,3672933.3907013517,505.5655045700396,14819,7473996.396892324,504.3522772719035,5034,2502222.717692743,497.06450490519586
cust_34,prd_3,2023-08-09 00:00:00,1,840,417814.4327091552,497.39813417756557,2141,1065649.198668656,497.73432913062015,3400,1699292.0632592444,499.7917833115428,7184,3636427.365958305,506.1842101835039,14730,7430633.41798766,504.45576496861366,5034,2502222.717692743,497.06450490519586
cust_34,prd_0,2023-08-10 00:00:00,0,835,419591.2600171217,502.50450301451707,2104,1047505.6664595018,497.8639099142121,3356,1676159.7641228298,499.4516579627028,7145,3616357.811506585,506.1382521352795,14677,7402792.787158874,504.38051285405,5034,2502222.717692743,497.06450490519586
cust_34,prd_1,2023-08-10 00:00:00,1,835,419591.2600171217,502.50450301451707,2104,1047505.6664595018,497.8639099142121,3356,1676159.7641228298,499.4516579627028,7145,3616357.811506585,506.1382521352795,14677,7402792.787158874,504.38051285405,5034,2502222.717692743,497.06450490519586
cust_34,prd_2,2023-08-10 00:00:00,1,835,419591.2600171217,502.50450301451707,2104,1047505.6664595018,497.8639099142121,3356,1676159.7641228298,499.4516579627028,7145,3616357.811506585,506.1382521352795,14677,7402792.787158874,504.38051285405,5034,2502222.717692743,497.06450490519586
cust_35,prd_1,2023-08-07 00:00:00,1,889,444581.4196209628,500.0915856253798,2290,1148855.9272708136,501.6838110352896,3595,1803071.4358617417,501.5497735359518,7296,3678527.87868482,504.18419389868666,14778,7403932.383450784,501.010446843334,5014,2506283.39595872,499.85707936950877
cust_35,prd_3,2023-08-07 00:00:00,0,889,444581.4196209628,500.0915856253798,2290,1148855.9272708136,501.6838110352896,3595,1803071.4358617417,501.5497735359518,7296,3678527.87868482,504.18419389868666,14778,7403932.383450784,501.010446843334,5014,2506283.39595872,499.85707936950877
cust_35,prd_4,2023-08-09 00:00:00,1,868,435708.49122900213,501.9683078675138,2198,1101610.0628154397,501.18747170857137,3506,1757519.7423548838,501.2891449956892,7211,3631821.259420244,503.65015385109433,14700,7362014.601869893,500.8173198550951,5014,2506283.39595872,499.85707936950877
cust_35,prd_0,2023-08-10 00:00:00,1,850,424991.98791006615,499.99057401184245,2163,1081360.3013912784,499.93541442037855,3466,1736773.2603192287,501.08864983243836,7171,3612201.1975159906,503.72349707376776,14657,7339610.652076928,500.7580440797527,5014,2506283.39595872,499.85707936950877
cust_35,prd_2,2023-08-10 00:00:00,1,850,424991.98791006615,499.99057401184245,2163,1081360.3013912784,499.93541442037855,3466,1736773.2603192287,501.08864983243836,7171,3612201.1975159906,503.72349707376776,14657,7339610.652076928,500.7580440797527,5014,2506283.39595872,499.85707936950877
cust_36,prd_0,2023-08-07 00:00:00,1,819,409428.8733545976,499.9131542791176,2241,1115183.1379656172,497.62746004712983,3493,1722658.413822947,493.1744671694662,7205,3573630.468979526,495.99312546558343,14733,7381089.803411163,500.9902805546154,4989,2504621.9535595207,502.0288541911256
cust_36,prd_1,2023-08-07 00:00:00,1,819,409428.8733545976,499.9131542791176,2241,1115183.1379656172,497.62746004712983,3493,1722658.413822947,493.1744671694662,7205,3573630.468979526,495.99312546558343,14733,7381089.803411163,500.9902805546154,4989,2504621.9535595207,502.0288541911256
cust_36,prd_3,2023-08-08 00:00:00,1,825,415725.01476791984,503.9091088095995,2206,1096480.326696205,497.04457239175264,3451,1701826.7557850406,493.1401784366965,7161,3550769.284957745,495.84824535089336,14688,7356985.712552192,500.8841035234326,4989,2504621.9535595207,502.0288541911256
cust_36,prd_2,2023-08-09 00:00:00,1,825,413610.59781609336,501.34617917102156,2157,1072455.2172120626,497.19759722395196,3408,1680875.6309453656,493.2146804417154,7109,3522057.9510774575,495.436482075884,14639,7330321.673887178,500.73923586905994,4989,2504621.9535595207,502.0288541911256
cust_36,prd_4,2023-08-09 00:00:00,1,825,413610.59781609336,501.34617917102156,2157,1072455.2172120626,497.19759722395196,3408,1680875.6309453656,493.2146804417154,7109,3522057.9510774575,495.436482075884,14639,7330321.673887178,500.73923586905994,4989,2504621.9535595207,502.0288541911256
cust_37,prd_3,2023-08-07 00:00:00,1,868,439449.43913059635,506.27815568041115,2365,1198177.911294328,506.6291379680032,3616,1832814.598952068,506.86244440045976,7293,3680639.93449882,504.68119217041215,14762,7381648.690865658,500.04394329126507,5105,2538950.766182296,497.34588955578675
cust_37,prd_1,2023-08-08 00:00:00,1,884,449272.2173990641,508.226490270435,2319,1172582.2905433793,505.64134995402327,3580,1816115.4759224434,507.2948256766589,7240,3655251.9694767,504.8690565575549,14736,7370144.446909704,500.1455243559786,5105,2538950.766182296,497.34588955578675
cust_37,prd_2,2023-08-08 00:00:00,1,884,449272.2173990641,508.226490270435,2319,1172582.2905433793,505.64134995402327,3580,1816115.4759224434,507.2948256766589,7240,3655251.9694767,504.8690565575549,14736,7370144.446909704,500.1455243559786,5105,2538950.766182296,497.34588955578675
cust_37,prd_0,2023-08-09 00:00:00,1,884,448890.0547928757,507.79417962994995,2274,1149252.6209567143,505.38813586487055,3539,1797033.912845504,507.7801392612318,7197,3634031.8081019176,504.93703044350644,14704,7354115.0505898725,500.1438418518681,5105,2538950.766182296,497.34588955578675
cust_37,prd_4,2023-08-10 00:00:00,1,863,442709.8285562824,512.9893726028766,2225,1124456.971627255,505.37391983247454,3484,1770751.7056505412,508.25249875158937,7157,3612751.195174519,504.7856916549553,14662,7333899.049637845,500.1977253879307,5105,2538950.766182296,497.34588955578675
cust_38,prd_2,2023-08-07 00:00:00,1,804,405238.58679565974,504.0280930294272,2249,1139686.1018907488,506.7523796757433,3439,1743448.0737211448,506.96367366128067,7193,3624755.0083720246,503.9281257294617,14739,7374223.185035123,500.3204549179122,5014,2485488.6253955327,495.7097378132305
cust_38,prd_4,2023-08-07 00:00:00,1,804,405238.58679565974,504.0280930294272,2249,1139686.1018907488,506.7523796757433,3439,1743448.0737211448,506.96367366128067,7193,3624755.0083720246,503.9281257294617,14739,7374223.185035123,500.3204549179122,5014,2485488.6253955327,495.7097378132305
cust_38,prd_0,2023-08-09 00:00:00,1,783,393696.74920599663,502.80555454150226,2169,1097218.8556328963,505.8639260640366,3355,1702332.0121507877,507.4014939346603,7104,3576792.4592953236,503.48992951792246,14658,7327793.7502366565,499.9177070703124,5014,2485488.6253955327,495.7097378132305
cust_38,prd_1,2023-08-10 00:00:00,1,796,399697.1226253395,502.1320635996725,2128,1078097.0080265342,506.62453384705503,3323,1686071.3793064456,507.3943362342592,7077,3565365.117021565,503.79611657786677,14616,7306933.802954001,499.9270527472621,5014,2485488.6253955327,495.7097378132305
cust_38,prd_3,2023-08-10 00:00:00,1,796,399697.1226253395,502.1320635996725,2128,1078097.0080265342,506.62453384705503,3323,1686071.3793064456,507.3943362342592,7077,3565365.117021565,503.79611657786677,14616,7306933.802954001,499.9270527472621,5014,2485488.6253955327,495.7097378132305
cust_45,prd_0,2023-08-07 00:00:00,1,786,387565.34329087345,493.0856784871164,2304,1143330.8872294636,496.237364248898,3494,1732244.7930708004,495.7769871410413,7204,3586580.105897111,497.85953718727404,14747,7351989.533512666,498.5413666177979,4979,2517484.7905115546,505.6205644730994
cust_45,prd_1,2023-08-07 00:00:00,0,786,387565.34329087345,493.0856784871164,2304,1143330.8872294636,496.237364248898,3494,1732244.7930708004,495.7769871410413,7204,3586580.105897111,497.85953718727404,14747,7351989.533512666,498.5413666177979,4979,2517484.7905115546,505.6205644730994
cust_45,prd_2,2023-08-08 00:00:00,0,800,394013.8980733098,492.5173725916374,2262,1123210.4570223917,496.5563470479176,3451,1712582.9778200584,496.25702052160455,7157,3563782.4254752607,497.9436112163297,14702,7330132.614166539,498.5806430530905,4979,2517484.7905115546,505.6205644730994
cust_45,prd_4,2023-08-08 00:00:00,1,800,394013.8980733098,492.5173725916374,2262,1123210.4570223917,496.5563470479176,3451,1712582.9778200584,496.25702052160455,7157,3563782.4254752607,497.9436112163297,14702,7330132.614166539,498.5806430530905,4979,2517484.7905115546,505.6205644730994
cust_45,prd_3,2023-08-10 00:00:00,1,807,394703.0268771756,489.09916589488944,2178,1087133.5316649405,499.1430356588333,3373,1673718.107257463,496.2105269070449,7090,3531087.0861644354,498.03767082714353,14630,7299722.787752252,498.95576129543747,4979,2517484.7905115546,505.6205644730994
cust_9,prd_1,2023-08-07 00:00:00,1,848,427590.251137662,504.2337867189408,2298,1146098.1815149058,498.7372417384278,3563,1780184.2724479632,499.6307247959484,7334,3672117.934216468,500.69783668072694,14866,7425095.21631134,499.4682642480388,4982,2495544.2618552023,500.9121360608606
cust_9,prd_0,2023-08-08 00:00:00,0,840,425083.66595079115,506.0519832747509,2258,1129982.5399714485,500.43513727699286,3522,1759523.8451589346,499.58087596789727,7290,3647255.2189474124,500.30935788030115,14815,7401159.942361012,499.5720514587252,4982,2495544.2618552023,500.9121360608606
cust_9,prd_3,2023-08-08 00:00:00,0,840,425083.66595079115,506.0519832747509,2258,1129982.5399714485,500.43513727699286,3522,1759523.8451589346,499.58087596789727,7290,3647255.2189474124,500.30935788030115,14815,7401159.942361012,499.5720514587252,4982,2495544.2618552023,500.9121360608606
cust_9,prd_4,2023-08-08 00:00:00,0,840,425083.66595079115,506.0519832747509,2258,1129982.5399714485,500.43513727699286,3522,1759523.8451589346,499.58087596789727,7290,3647255.2189474124,500.30935788030115,14815,7401159.942361012,499.5720514587252,4982,2495544.2618552023,500.9121360608606
cust_9,prd_2,2023-08-10 00:00:00,1,850,432078.19843999133,508.3272922823423,2184,1096944.0945220902,502.2637795430823,3432,1712523.5055709756,498.98703542277843,7198,3601422.309996576,500.3365254232508,14721,7358134.760678096,499.8393288960058,4982,2495544.2618552023,500.9121360608606
cust_12,prd_0,2023-08-07 00:00:00,0,852,435775.73310234275,511.4738651435943,2321,1171768.6659482736,504.85509088680465,3630,1828030.9890774663,503.58980415357235,7423,3745752.475709292,504.61437096986185,14950,7542070.602574907,504.48632793143304,5016,2496362.5743396264,497.67993906292514
cust_12,prd_1,2023-08-07 00:00:00,0,852,435775.73310234275,511.4738651435943,2321,1171768.6659482736,504.85509088680465,3630,1828030.9890774663,503.58980415357235,7423,3745752.475709292,504.61437096986185,14950,7542070.602574907,504.48632793143304,5016,2496362.5743396264,497.67993906292514
cust_12,prd_3,2023-08-09 00:00:00,1,834,426363.9527723728,511.2277611179523,2230,1131622.4985637935,507.45403523040045,3528,1771605.3042512294,502.1556984839089,7359,3711474.802044889,504.34499280403355,14878,7506689.860775594,504.54966129692247,5016,2496362.5743396264,497.67993906292514
cust_12,prd_2,2023-08-10 00:00:00,1,836,427499.28623591224,511.36278257884163,2173,1100787.9477730966,506.5752175670029,3469,1744897.230701849,502.9971838287261,7309,3685147.1963517144,504.1930765291709,14833,7480542.491259004,504.31756834484065,5016,2496362.5743396264,497.67993906292514
cust_12,prd_4,2023-08-10 00:00:00,1,836,427499.28623591224,511.36278257884163,2173,1100787.9477730966,506.5752175670029,3469,1744897.230701849,502.9971838287261,7309,3685147.1963517144,504.1930765291709,14833,7480542.491259004,504.31756834484065,5016,2496362.5743396264,497.67993906292514
cust_15,prd_3,2023-08-07 00:00:00,1,792,404890.00726259226,511.22475664468624,2302,1158153.784863633,503.10763895031846,3532,1763778.475358128,499.37102926334376,7456,3739938.0759936236,501.60113680172157,15052,7550699.904715602,501.64097161278016,4941,2489162.2641060706,503.77702167700284
cust_15,prd_0,2023-08-08 00:00:00,0,797,405537.42051214643,508.8298877191288,2257,1131802.8233011132,501.46336876433895,3497,1746480.72477937,499.42256928206206,7409,3717758.113166704,501.78946054348984,15007,7528658.770820902,501.67646903584085,4941,2489162.2641060706,503.77702167700284
cust_15,prd_1,2023-08-08 00:00:00,0,797,405537.42051214643,508.8298877191288,2257,1131802.8233011132,501.46336876433895,3497,1746480.72477937,499.42256928206206,7409,3717758.113166704,501.78946054348984,15007,7528658.770820902,501.67646903584085,4941,2489162.2641060706,503.77702167700284
cust_15,prd_4,2023-08-08 00:00:00,0,797,405537.42051214643,508.8298877191288,2257,1131802.8233011132,501.46336876433895,3497,1746480.72477937,499.42256928206206,7409,3717758.113166704,501.78946054348984,15007,7528658.770820902,501.67646903584085,4941,2489162.2641060706,503.77702167700284
cust_15,prd_2,2023-08-09 00:00:00,0,801,406203.5323091815,507.1205147430473,2224,1115148.4959772683,501.4156906372608,3449,1722060.8019100474,499.29278106988954,7373,3700600.7743422166,501.9124880431613,14968,7507334.078426857,501.5589309478098,4941,2489162.2641060706,503.77702167700284
cust_17,prd_0,2023-08-08 00:00:00,0,826,406084.8219016223,491.62811368235117,2290,1141227.5447696757,498.3526396374124,3555,1740939.5456130465,489.71576529199655,7310,3585320.6540935575,490.46794173646515,14840,7340217.616577251,494.62382861032523,5079,2515456.0394702884,495.2660050148219
cust_17,prd_3,2023-08-08 00:00:00,0,826,406084.8219016223,491.62811368235117,2290,1141227.5447696757,498.3526396374124,3555,1740939.5456130465,489.71576529199655,7310,3585320.6540935575,490.46794173646515,14840,7340217.616577251,494.62382861032523,5079,2515456.0394702884,495.2660050148219
cust_17,prd_4,2023-08-08 00:00:00,1,826,406084.8219016223,491.62811368235117,2290,1141227.5447696757,498.3526396374124,3555,1740939.5456130465,489.71576529199655,7310,3585320.6540935575,490.46794173646515,14840,7340217.616577251,494.62382861032523,5079,2515456.0394702884,495.2660050148219
cust_17,prd_2,2023-08-09 00:00:00,0,829,407370.18864424736,491.3995037928193,2254,1121477.2771175448,497.5498123857779,3498,1713487.616197656,489.8478033726862,7276,3573721.054203955,491.16562042385334,14803,7323159.844252023,494.70781897264055,5079,2515456.0394702884,495.2660050148219
cust_17,prd_1,2023-08-10 00:00:00,1,831,409824.8558528798,493.17070499744824,2203,1094909.2687101045,497.00829265097747,3449,1688820.0426118355,489.65498481062235,7231,3552235.375604208,491.2509162777222,14752,7297352.109788156,494.66866253986785,5079,2515456.0394702884,495.2660050148219
cust_2,prd_2,2023-08-07 00:00:00,1,802,398997.5962947691,497.5032372752733,2280,1139241.0101089592,499.6671096969116,3543,1768022.5711834058,499.0185072490573,7342,3667405.5152739817,499.51042158457943,14872,7405218.882813303,497.9302637717372,5032,2512483.7715951935,499.30122646963326
cust_2,prd_0,2023-08-09 00:00:00,1,799,392354.76012146834,491.057271741512,2215,1106438.8241932038,499.5209138569768,3439,1709705.0416222273,497.15180041355944,7284,3635126.4723697286,499.056352604301,14779,7362768.662481707,498.19126209362435,5032,2512483.7715951935,499.30122646963326
cust_2,prd_1,2023-08-09 00:00:00,1,799,392354.76012146834,491.057271741512,2215,1106438.8241932038,499.5209138569768,3439,1709705.0416222273,497.15180041355944,7284,3635126.4723697286,499.056352604301,14779,7362768.662481707,498.19126209362435,5032,2512483.7715951935,499.30122646963326
cust_2,prd_3,2023-08-10 00:00:00,0,807,397694.1125366743,492.80559174309093,2176,1086563.6971402732,499.33993434755166,3404,1690279.511692998,496.55684832344343,7242,3614558.6618658863,499.1105581145939,14736,7341217.008156604,498.1824788379867,5032,2512483.7715951935,499.30122646963326
cust_2,prd_4,2023-08-10 00:00:00,1,807,397694.1125366743,492.80559174309093,2176,1086563.6971402732,499.33993434755166,3404,1690279.511692998,496.55684832344343,7242,3614558.6618658863,499.1105581145939,14736,7341217.008156604,498.1824788379867,5032,2512483.7715951935,499.30122646963326
cust_22,prd_2,2023-08-07 00:00:00,0,820,408590.83049284224,498.2815006010273,2319,1162097.8441578615,501.120243276352,3538,1770591.9948454662,500.44997027853856,7329,3670925.0011821426,500.8766545479804,14863,7459215.57540633,501.86473628515927,5152,2599767.2906611618,504.61321635504015
cust_22,prd_3,2023-08-07 00:00:00,1,820,408590.83049284224,498.2815006010273,2319,1162097.8441578615,501.120243276352,3538,1770591.9948454662,500.44997027853856,7329,3670925.0011821426,500.8766545479804,14863,7459215.57540633,501.86473628515927,5152,2599767.2906611618,504.61321635504015
cust_22,prd_0,2023-08-09 00:00:00,1,843,423940.2044057347,502.8946671479661,2220,1115237.9860336226,502.35945316829765,3460,1724791.2102382404,498.49456943301874,7228,3619155.671339408,500.7132915522153,14779,7414615.359379321,501.6993950456266,5152,2599767.2906611618,504.61321635504015
cust_22,prd_1,2023-08-09 00:00:00,0,843,423940.2044057347,502.8946671479661,2220,1115237.9860336226,502.35945316829765,3460,1724791.2102382404,498.49456943301874,7228,3619155.671339408,500.7132915522153,14779,7414615.359379321,501.6993950456266,5152,2599767.2906611618,504.61321635504015
cust_22,prd_4,2023-08-10 00:00:00,0,853,430816.61558630434,505.0605106521745,2185,1096317.2328597866,501.74701732713237,3414,1698589.088591182,497.5363469804295,7187,3598032.142690737,500.6306028510841,14744,7397055.958314685,501.6994003197695,5152,2599767.2906611618,504.61321635504015
cust_24,prd_2,2023-08-07 00:00:00,1,810,406835.1907207869,502.2656675565275,2286,1130341.8357461472,494.46274529577784,3543,1772267.8483221876,500.21672264244444,7358,3692731.7494370677,501.8662339544819,14838,7446429.565953578,501.848602638737,4991,2472972.443418091,495.4863641390678
cust_24,prd_4,2023-08-07 00:00:00,0,810,406835.1907207869,502.2656675565275,2286,1130341.8357461472,494.46274529577784,3543,1772267.8483221876,500.21672264244444,7358,3692731.7494370677,501.8662339544819,14838,7446429.565953578,501.848602638737,4991,2472972.443418091,495.4863641390678
cust_24,prd_3,2023-08-08 00:00:00,1,805,402741.2539404497,500.29969433596267,2243,1111231.6005709032,495.422024329427,3494,1746974.8611816084,499.992805146423,7331,3679505.625124284,501.9104658469916,14806,7432502.055083374,501.99257429983606,4991,2472972.443418091,495.4863641390678
cust_24,prd_0,2023-08-10 00:00:00,1,802,401786.6893101855,500.9809093643213,2150,1066193.9927269896,495.90418266371705,3418,1707902.1614997678,499.6788067582688,7255,3644443.437212973,502.3354151913141,14724,7393853.231598601,502.1633544959651,4991,2472972.443418091,495.4863641390678
cust_24,prd_1,2023-08-10 00:00:00,0,802,401786.6893101855,500.9809093643213,2150,1066193.9927269896,495.90418266371705,3418,1707902.1614997678,499.6788067582688,7255,3644443.437212973,502.3354151913141,14724,7393853.231598601,502.1633544959651,4991,2472972.443418091,495.4863641390678
cust_26,prd_1,2023-08-08 00:00:00,0,828,404079.12333864893,488.0182649017495,2201,1093150.0515517322,496.6606322361346,3424,1706328.2364840987,498.34352701054115,7147,3572323.9749960373,499.83545193732203,14721,7372936.425613675,500.844808478615,4977,2486189.409718425,499.5357463770193
cust_26,prd_2,2023-08-08 00:00:00,0,828,404079.12333864893,488.0182649017495,2201,1093150.0515517322,496.6606322361346,3424,1706328.2364840987,498.34352701054115,7147,3572323.9749960373,499.83545193732203,14721,7372936.425613675,500.844808478615,4977,2486189.409718425,499.5357463770193
cust_26,prd_4,2023-08-08 00:00:00,1,828,404079.12333864893,488.0182649017495,2201,1093150.0515517322,496.6606322361346,3424,1706328.2364840987,498.34352701054115,7147,3572323.9749960373,499.83545193732203,14721,7372936.425613675,500.844808478615,4977,2486189.409718425,499.5357463770193
cust_26,prd_0,2023-08-09 00:00:00,0,828,405285.98466689663,489.4758268923871,2169,1078033.228125803,497.01854685375906,3386,1689630.2352464464,499.00479481584205,7106,3549937.951318641,499.56908968739725,14673,7346803.718704205,500.7022230426101,4977,2486189.409718425,499.5357463770193
cust_26,prd_3,2023-08-10 00:00:00,1,835,405330.0030685242,485.42515337547803,2119,1055044.1268523938,497.89718114789747,3354,1675546.7343859393,499.5667067340292,7060,3526097.97052254,499.4473046065927,14630,7325744.475374884,500.73441390122326,4977,2486189.409718425,499.5357463770193
cust_3,prd_2,2023-08-07 00:00:00,1,800,400423.86162087217,500.5298270260903,2288,1158221.618117271,506.2157421841216,3582,1798166.0526716695,502.00057305183276,7384,3689682.807114289,499.68618731233795,14849,7426404.361449417,500.1282484645037,5041,2537457.0460513625,503.3638258383981
cust_3,prd_4,2023-08-07 00:00:00,1,800,400423.86162087217,500.5298270260903,2288,1158221.618117271,506.2157421841216,3582,1798166.0526716695,502.00057305183276,7384,3689682.807114289,499.68618731233795,14849,7426404.361449417,500.1282484645037,5041,2537457.0460513625,503.3638258383981
cust_3,prd_0,2023-08-09 00:00:00,1,804,400484.6810028721,498.1152748791945,2201,1114847.5775737779,506.5186631411984,3503,1758708.336901798,502.0577610339122,7302,3646400.5350637473,499.37010888301296,14766,7390364.325304812,500.4987352908581,5041,2537457.0460513625,503.3638258383981
cust_3,prd_1,2023-08-09 00:00:00,0,804,400484.6810028721,498.1152748791945,2201,1114847.5775737779,506.5186631411984,3503,1758708.336901798,502.0577610339122,7302,3646400.5350637473,499.37010888301296,14766,7390364.325304812,500.4987352908581,5041,2537457.0460513625,503.3638258383981
cust_3,prd_3,2023-08-09 00:00:00,0,804,400484.6810028721,498.1152748791945,2201,1114847.5775737779,506.5186631411984,3503,1758708.336901798,502.0577610339122,7302,3646400.5350637473,499.37010888301296,14766,7390364.325304812,500.4987352908581,5041,2537457.0460513625,503.3638258383981
cust_31,prd_0,2023-08-08 00:00:00,1,841,426395.54384536605,507.01015915025744,2306,1149258.0920766112,498.37731659870474,3518,1758963.6562473155,499.9896692004862,7289,3618694.6825046865,496.4596902873766,14759,7342985.330204216,497.5259387630756,5017,2552527.2644331465,508.7756157929337
cust_31,prd_2,2023-08-08 00:00:00,1,841,426395.54384536605,507.01015915025744,2306,1149258.0920766112,498.37731659870474,3518,1758963.6562473155,499.9896692004862,7289,3618694.6825046865,496.4596902873766,14759,7342985.330204216,497.5259387630756,5017,2552527.2644331465,508.7756157929337
cust_31,prd_1,2023-08-09 00:00:00,1,842,423958.82596508134,503.5140450891704,2252,1122545.791621736,498.4661596899371,3463,1732064.1546145217,500.16290921585835,7259,3604629.188485058,496.5737964575087,14719,7322629.1023824895,497.4950134100488,5017,2552527.2644331465,508.7756157929337
cust_31,prd_4,2023-08-09 00:00:00,0,842,423958.82596508134,503.5140450891704,2252,1122545.791621736,498.4661596899371,3463,1732064.1546145217,500.16290921585835,7259,3604629.188485058,496.5737964575087,14719,7322629.1023824895,497.4950134100488,5017,2552527.2644331465,508.7756157929337
cust_31,prd_3,2023-08-10 00:00:00,0,843,421357.263269226,499.83068003466946,2218,1107849.3807949643,499.48123570557533,3441,1720694.604975869,500.056554773573,7215,3582068.261453492,496.47515751261164,14680,7303292.214234257,497.4994696344871,5017,2552527.2644331465,508.7756157929337
cust_33,prd_1,2023-08-07 00:00:00,0,878,437050.70667085686,497.77984814448376,2334,1147327.879407839,491.57149931783954,3606,1797984.158018455,498.6090288459389,7410,3713779.8099112595,501.18485963714636,15045,7573828.631365677,503.41167373650336,4965,2471284.180261925,497.7410232148872
cust_33,prd_3,2023-08-08 00:00:00,1,883,437434.7901615541,495.3961383483061,2298,1128291.812450389,490.9886041994724,3562,1775153.2040667473,498.35856374698136,7374,3692817.9670695076,500.7889838716439,15004,7551688.445330789,503.3116799074118,4965,2471284.180261925,497.7410232148872
cust_33,prd_4,2023-08-08 00:00:00,1,883,437434.7901615541,495.3961383483061,2298,1128291.812450389,490.9886041994724,3562,1775153.2040667473,498.35856374698136,7374,3692817.9670695076,500.7889838716439,15004,7551688.445330789,503.3116799074118,4965,2471284.180261925,497.7410232148872
cust_33,prd_0,2023-08-09 00:00:00,0,868,429069.7167225485,494.3199501411849,2256,1105169.9418924497,489.88029339204263,3519,1754162.16169087,498.48313773539917,7336,3673483.2883816613,500.747449343192,14965,7534717.990580149,503.4893411680698,4965,2471284.180261925,497.7410232148872
cust_33,prd_2,2023-08-09 00:00:00,0,868,429069.7167225485,494.3199501411849,2256,1105169.9418924497,489.88029339204263,3519,1754162.16169087,498.48313773539917,7336,3673483.2883816613,500.747449343192,14965,7534717.990580149,503.4893411680698,4965,2471284.180261925,497.7410232148872
cust_39,prd_0,2023-08-08 00:00:00,0,834,421445.9164662842,505.33083509146735,2270,1144607.6380691517,504.2324396780398,3532,1785485.9060971995,505.5169609561727,7249,3670564.7335041445,506.35463284648165,14687,7398508.574046902,503.74539211866806,5003,2524724.672088261,504.6421491281744
cust_39,prd_2,2023-08-08 00:00:00,0,834,421445.9164662842,505.33083509146735,2270,1144607.6380691517,504.2324396780398,3532,1785485.9060971995,505.5169609561727,7249,3670564.7335041445,506.35463284648165,14687,7398508.574046902,503.74539211866806,5003,2524724.672088261,504.6421491281744
cust_39,prd_4,2023-08-08 00:00:00,0,834,421445.9164662842,505.33083509146735,2270,1144607.6380691517,504.2324396780398,3532,1785485.9060971995,505.5169609561727,7249,3670564.7335041445,506.35463284648165,14687,7398508.574046902,503.74539211866806,5003,2524724.672088261,504.6421491281744
cust_39,prd_1,2023-08-10 00:00:00,0,837,422210.4738060987,504.43306308972296,2195,1105088.0626637165,503.4569761565899,3458,1746669.2454830073,505.1096719152719,7169,3627053.143049919,505.93571530895804,14586,7344873.462779164,503.55638713692184,5003,2524724.672088261,504.6421491281744
cust_39,prd_3,2023-08-10 00:00:00,0,837,422210.4738060987,504.43306308972296,2195,1105088.0626637165,503.4569761565899,3458,1746669.2454830073,505.1096719152719,7169,3627053.143049919,505.93571530895804,14586,7344873.462779164,503.55638713692184,5003,2524724.672088261,504.6421491281744
cust_4,prd_2,2023-08-07 00:00:00,1,847,410025.13854944735,484.0910726675883,2230,1089295.4238096518,488.4732842195747,3504,1729569.68485465,493.59865435349616,7306,3640323.5316622336,498.26492357818677,14786,7400565.681438688,500.5116787122067,5030,2525811.145240375,502.1493330497765
cust_4,prd_0,2023-08-08 00:00:00,1,853,413387.18406511925,484.62741390987,2193,1069138.7941321598,487.52338993714545,3465,1710207.8422362015,493.5664768358449,7258,3614515.242607534,498.0043045753009,14746,7382594.208861592,500.65063128045534,5030,2525811.145240375,502.1493330497765
cust_4,prd_3,2023-08-08 00:00:00,1,853,413387.18406511925,484.62741390987,2193,1069138.7941321598,487.52338993714545,3465,1710207.8422362015,493.5664768358449,7258,3614515.242607534,498.0043045753009,14746,7382594.208861592,500.65063128045534,5030,2525811.145240375,502.1493330497765
cust_4,prd_1,2023-08-09 00:00:00,0,845,413344.02219265886,489.1645233049216,2142,1043915.9403324118,487.35571444090135,3433,1697044.211103119,494.3327151480107,7222,3595601.1704630814,497.86778876531173,14717,7366393.578188253,500.5363578302817,5030,2525811.145240375,502.1493330497765
cust_4,prd_4,2023-08-10 00:00:00,1,847,413037.0993134245,487.64710662741976,2107,1025674.2944282996,486.7936850632649,3399,1681333.6106019109,494.65537234537,7186,3575218.5468697,497.5255422863482,14680,7344264.326164154,500.2904854335255,5030,2525811.145240375,502.1493330497765
cust_40,prd_4,2023-08-07 00:00:00,1,869,439222.27616962616,505.4341497924354,2336,1169677.4769935461,500.7180980280591,3617,1802263.47438466,498.27577395207487,7398,3708815.3231160403,501.3267535977353,14895,7431758.801352465,498.9431890803935,5015,2502552.14110081,499.013388055994
cust_40,prd_1,2023-08-08 00:00:00,0,854,428548.34678717726,501.8130524440014,2294,1147519.1821582385,500.2263217777847,3571,1777079.1715660468,497.6418850646994,7357,3688483.271654736,501.35697589435085,14849,7407894.2940605525,498.8816953370966,5015,2502552.14110081,499.013388055994
cust_40,prd_2,2023-08-08 00:00:00,0,854,428548.34678717726,501.8130524440014,2294,1147519.1821582385,500.2263217777847,3571,1777079.1715660468,497.6418850646994,7357,3688483.271654736,501.35697589435085,14849,7407894.2940605525,498.8816953370966,5015,2502552.14110081,499.013388055994
cust_40,prd_0,2023-08-09 00:00:00,0,855,429645.6339897129,502.5095134382608,2251,1129499.6205074736,501.7768194169139,3525,1751254.6768477717,496.80983740362166,7330,3673702.040044467,501.1871814521787,14806,7388277.282421145,499.0056249102486,5015,2502552.14110081,499.013388055994
cust_40,prd_3,2023-08-09 00:00:00,1,855,429645.6339897129,502.5095134382608,2251,1129499.6205074736,501.7768194169139,3525,1751254.6768477717,496.80983740362166,7330,3673702.040044467,501.1871814521787,14806,7388277.282421145,499.0056249102486,5015,2502552.14110081,499.013388055994
cust_41,prd_0,2023-08-07 00:00:00,1,893,444383.28896322375,497.62966289274743,2376,1180997.4937108918,497.05281721838793,3568,1767881.8912133798,495.4825928288615,7276,3618673.5084910304,497.3438027062975,14763,7350174.061133709,497.87807770329266,4897,2409997.602595808,492.1375541343283
cust_41,prd_1,2023-08-08 00:00:00,0,905,446166.9087048898,493.00210906617673,2339,1160302.3260113564,496.0676896157992,3537,1755279.0241275541,496.2620933354687,7231,3595929.1381493825,497.2934778245573,14719,7326942.515042398,497.7880640697329,4897,2409997.602595808,492.1375541343283
cust_41,prd_4,2023-08-09 00:00:00,1,903,443410.1914743261,491.04118657179004,2303,1141511.472762543,495.662819262936,3490,1732421.1837423593,496.39575465397076,7181,3572026.6045083366,497.42746198417035,14675,7304065.667905497,497.7216809475636,4897,2409997.602595808,492.1375541343283
cust_41,prd_2,2023-08-10 00:00:00,1,900,442225.34972050274,491.3614996894477,2259,1123374.8863450247,497.28857297256485,3449,1715915.430898495,497.51099765105664,7136,3551084.05612168,497.6294921695164,14641,7289921.681514139,497.9114597031716,4897,2409997.602595808,492.1375541343283
cust_41,prd_3,2023-08-10 00:00:00,1,900,442225.34972050274,491.3614996894477,2259,1123374.8863450247,497.28857297256485,3449,1715915.430898495,497.51099765105664,7136,3551084.05612168,497.6294921695164,14641,7289921.681514139,497.9114597031716,4897,2409997.602595808,492.1375541343283
cust_42,prd_0,2023-08-07 00:00:00,1,857,423369.3601569785,494.0132557257629,2320,1153370.661338328,497.142526438935,3555,1745520.9118092887,491.00447589571917,7366,3642328.0372390477,494.4784193916714,14906,7396547.916051021,496.2127945827868,5033,2516686.249592893,500.03700568108377
cust_42,prd_2,2023-08-09 00:00:00,1,834,417122.6323443679,500.1470411802974,2250,1121019.6867110366,498.2309718715724,3464,1701914.508135099,491.3148118172901,7283,3603263.8331528064,494.74994276435615,14823,7357186.575886549,496.33586830510376,5033,2516686.249592893,500.03700568108377
cust_42,prd_3,2023-08-09 00:00:00,0,834,417122.6323443679,500.1470411802974,2250,1121019.6867110366,498.2309718715724,3464,1701914.508135099,491.3148118172901,7283,3603263.8331528064,494.74994276435615,14823,7357186.575886549,496.33586830510376,5033,2516686.249592893,500.03700568108377
cust_42,prd_4,2023-08-09 00:00:00,1,834,417122.6323443679,500.1470411802974,2250,1121019.6867110366,498.2309718715724,3464,1701914.508135099,491.3148118172901,7283,3603263.8331528064,494.74994276435615,14823,7357186.575886549,496.33586830510376,5033,2516686.249592893,500.03700568108377
cust_42,prd_1,2023-08-10 00:00:00,0,834,414373.1807512592,496.85033663220554,2200,1098059.5390376158,499.11797228982607,3437,1689996.9353567264,491.7069931209545,7234,3575841.850992901,494.31045769876977,14788,7341842.474354381,496.47298311836505,5033,2516686.249592893,500.03700568108377
cust_43,prd_4,2023-08-07 00:00:00,0,812,421463.56759984687,519.0438024628652,2161,1104610.2613580995,511.1569927617307,3390,1717101.458939673,506.51960440698184,7146,3614936.760109259,505.8685642470286,14638,7374037.718826383,503.75992067402484,4890,2428333.376722552,496.59169258129907
cust_43,prd_0,2023-08-08 00:00:00,0,816,422361.84017730545,517.6002943349324,2113,1084059.183248695,513.0426801934194,3335,1688017.2652757582,506.152103530961,7109,3595790.4692300847,505.80819654383095,14599,7354349.710399242,503.75708681411334,4890,2428333.376722552,496.59169258129907
cust_43,prd_2,2023-08-09 00:00:00,0,820,426578.3522449067,520.2175027376901,2085,1068107.6699887344,512.2818561097051,3290,1666650.8186078388,506.58079592943324,7063,3571650.1987596084,505.684581446923,14555,7335063.535160737,503.95489764072397,4890,2428333.376722552,496.59169258129907
cust_43,prd_3,2023-08-09 00:00:00,1,820,426578.3522449067,520.2175027376901,2085,1068107.6699887344,512.2818561097051,3290,1666650.8186078388,506.58079592943324,7063,3571650.1987596084,505.684581446923,14555,7335063.535160737,503.95489764072397,4890,2428333.376722552,496.59169258129907
cust_43,prd_1,2023-08-10 00:00:00,0,817,421949.6639515438,516.4622569786331,2039,1043280.7286223402,511.6629370389118,3255,1646442.1756779035,505.8194088104148,7020,3550326.3719305377,505.7444974260036,14517,7314752.792806501,503.874959895743,4890,2428333.376722552,496.59169258129907
cust_44,prd_3,2023-08-07 00:00:00,1,874,444613.2034180737,508.7107590595813,2355,1215382.84137741,516.0861322197077,3616,1837268.5832133666,508.0941878355553,7398,3702081.246389833,500.4164972140897,14806,7445130.497487272,502.84550165387486,5023,2533536.951919256,504.3872092214336
cust_44,prd_4,2023-08-07 00:00:00,1,874,444613.2034180737,508.7107590595813,2355,1215382.84137741,516.0861322197077,3616,1837268.5832133666,508.0941878355553,7398,3702081.246389833,500.4164972140897,14806,7445130.497487272,502.84550165387486,5023,2533536.951919256,504.3872092214336
cust_44,prd_0,2023-08-08 00:00:00,1,889,454291.69056880043,511.01427510551275,2301,1187289.7067912747,515.9885731383207,3574,1815354.1577828382,507.9334520936879,7353,3677245.459465719,500.1013816762847,14765,7423087.393439138,502.7488922071884,5023,2533536.951919256,504.3872092214336
cust_44,prd_1,2023-08-08 00:00:00,1,889,454291.69056880043,511.01427510551275,2301,1187289.7067912747,515.9885731383207,3574,1815354.1577828382,507.9334520936879,7353,3677245.459465719,500.1013816762847,14765,7423087.393439138,502.7488922071884,5023,2533536.951919256,504.3872092214336
cust_44,prd_2,2023-08-09 00:00:00,1,888,452150.74369072315,509.1787654174817,2263,1167634.8727984848,515.9676857262414,3528,1789914.6127792806,507.3454117855109,7313,3655482.311929144,499.8608384970799,14723,7400001.198070105,502.6150375650413,5023,2533536.951919256,504.3872092214336
cust_46,prd_2,2023-08-07 00:00:00,1,859,434345.0683704963,505.64035898777297,2312,1155141.5103997744,499.62868096876116,3530,1766549.6856091593,500.4390044218576,7453,3730537.049162013,500.5416676723475,14843,7429427.608317556,500.53409744105596,4849,2417461.9367949916,498.5485536801395
cust_46,prd_1,2023-08-08 00:00:00,1,862,436270.342301781,506.1140861969623,2270,1134927.9349649635,499.96825328853066,3490,1747872.9945408257,500.82320760482077,7410,3709257.442110181,500.5745535911166,14791,7401567.870273745,500.4102407054143,4849,2417461.9367949916,498.5485536801395
cust_46,prd_0,2023-08-09 00:00:00,0,864,431620.4182998883,499.5606693285751,2238,1120234.6802762933,500.5516891314988,3455,1730186.2858935406,500.77750677092325,7369,3686832.986649451,500.3165947414093,14749,7383086.532217283,500.58217724708925,4849,2417461.9367949916,498.5485536801395
cust_46,prd_3,2023-08-09 00:00:00,0,864,431620.4182998883,499.5606693285751,2238,1120234.6802762933,500.5516891314988,3455,1730186.2858935406,500.77750677092325,7369,3686832.986649451,500.3165947414093,14749,7383086.532217283,500.58217724708925,4849,2417461.9367949916,498.5485536801395
cust_46,prd_4,2023-08-09 00:00:00,0,864,431620.4182998883,499.5606693285751,2238,1120234.6802762933,500.5516891314988,3455,1730186.2858935406,500.77750677092325,7369,3686832.986649451,500.3165947414093,14749,7383086.532217283,500.58217724708925,4849,2417461.9367949916,498.5485536801395
cust_47,prd_1,2023-08-07 00:00:00,1,848,411603.3583795282,485.38131884378333,2290,1146202.858535918,500.5252657362078,3524,1758496.7831165015,499.0058975926509,7223,3621658.0218303483,501.4063438779392,14765,7384740.659242415,500.1517547742926,5012,2485727.8633476207,495.95527999753034
cust_47,prd_0,2023-08-08 00:00:00,0,835,407750.18227814056,488.3235715905872,2241,1121307.1766707762,500.3601859307342,3500,1746424.233108615,498.9783523167471,7185,3604155.928387492,501.6222586482253,14722,7359364.958384216,499.88893889310094,5012,2485727.8633476207,495.95527999753034
cust_47,prd_3,2023-08-08 00:00:00,1,835,407750.18227814056,488.3235715905872,2241,1121307.1766707762,500.3601859307342,3500,1746424.233108615,498.9783523167471,7185,3604155.928387492,501.6222586482253,14722,7359364.958384216,499.88893889310094,5012,2485727.8633476207,495.95527999753034
cust_47,prd_2,2023-08-09 00:00:00,0,844,409278.1854549202,484.92676001767813,2201,1101675.5654963949,500.53410517782595,3459,1725827.225208431,498.93819751616957,7146,3582785.0773396487,501.3693083318855,14689,7344248.4583287425,499.9828755074382,5012,2485727.8633476207,495.95527999753034
cust_47,prd_4,2023-08-09 00:00:00,0,844,409278.1854549202,484.92676001767813,2201,1101675.5654963949,500.53410517782595,3459,1725827.225208431,498.93819751616957,7146,3582785.0773396487,501.3693083318855,14689,7344248.4583287425,499.9828755074382,5012,2485727.8633476207,495.95527999753034
cust_48,prd_2,2023-08-07 00:00:00,0,782,402885.40746004303,515.1987307673187,2251,1127230.746264992,500.7688788382894,3451,1743154.3052635586,505.11570711780934,7125,3570518.785265383,501.1254435460198,14645,7325899.47546908,500.23212533076736,4948,2444261.489348053,493.98979170332575
cust_48,prd_3,2023-08-07 00:00:00,0,782,402885.40746004303,515.1987307673187,2251,1127230.746264992,500.7688788382894,3451,1743154.3052635586,505.11570711780934,7125,3570518.785265383,501.1254435460198,14645,7325899.47546908,500.23212533076736,4948,2444261.489348053,493.98979170332575
cust_48,prd_4,2023-08-07 00:00:00,1,782,402885.40746004303,515.1987307673187,2251,1127230.746264992,500.7688788382894,3451,1743154.3052635586,505.11570711780934,7125,3570518.785265383,501.1254435460198,14645,7325899.47546908,500.23212533076736,4948,2444261.489348053,493.98979170332575
cust_48,prd_1,2023-08-09 00:00:00,1,797,405991.72724539315,509.399908714421,2171,1086684.4084297135,500.5455589266289,3348,1686802.071424731,503.8237967218437,7048,3530427.719324343,500.91199195861986,14561,7283828.818892084,500.22861196978863,4948,2444261.489348053,493.98979170332575
cust_48,prd_0,2023-08-10 00:00:00,1,779,392039.7450585461,503.2602632330504,2119,1059523.5232193843,500.01110109456437,3297,1659146.643087682,503.2291911093976,7015,3514501.3147866377,500.9980491499143,14524,7266713.934259475,500.32456170885985,4948,2444261.489348053,493.98979170332575
cust_49,prd_3,2023-08-08 00:00:00,1,832,419656.3576695628,504.3946606605325,2255,1118168.908520087,495.8620436896177,3594,1811487.7478752893,504.03109289796686,7541,3793473.9314701296,503.04653646335044,15136,7592533.376288637,501.6208625983501,4980,2483810.488027187,498.7571261098787
cust_49,prd_2,2023-08-09 00:00:00,0,844,423028.9415514369,501.2191250609442,2212,1096770.5992836044,495.82757652965915,3550,1790017.6474384055,504.2303232220871,7505,3774518.2845587065,502.9338153975619,15088,7570170.776756301,501.7345424679409,4980,2483810.488027187,498.7571261098787
cust_49,prd_4,2023-08-09 00:00:00,1,844,423028.9415514369,501.2191250609442,2212,1096770.5992836044,495.82757652965915,3550,1790017.6474384055,504.2303232220871,7505,3774518.2845587065,502.9338153975619,15088,7570170.776756301,501.7345424679409,4980,2483810.488027187,498.7571261098787
cust_49,prd_0,2023-08-10 00:00:00,0,832,413184.11965808907,496.6155284352035,2178,1081129.1408463703,496.38619873570815,3504,1767805.213482897,504.5106202862156,7466,3754484.1636852324,502.8776002792963,15041,7547100.526751874,501.76853445594463,4980,2483810.488027187,498.7571261098787
cust_49,prd_1,2023-08-10 00:00:00,1,832,413184.11965808907,496.6155284352035,2178,1081129.1408463703,496.38619873570815,3504,1767805.213482897,504.5106202862156,7466,3754484.1636852324,502.8776002792963,15041,7547100.526751874,501.76853445594463,4980,2483810.488027187,498.7571261098787
cust_5,prd_0,2023-08-07 00:00:00,1,808,398177.0268033486,492.7933500041451,2283,1148199.3778089192,502.9344624655788,3529,1770464.0623092712,501.6900148226895,7349,3657002.076633686,497.61900620950865,14877,7453604.049422158,501.0152617746978,4865,2417437.7001515967,496.90394658820037
cust_5,prd_1,2023-08-07 00:00:00,1,808,398177.0268033486,492.7933500041451,2283,1148199.3778089192,502.9344624655788,3529,1770464.0623092712,501.6900148226895,7349,3657002.076633686,497.61900620950865,14877,7453604.049422158,501.0152617746978,4865,2417437.7001515967,496.90394658820037
cust_5,prd_2,2023-08-07 00:00:00,0,808,398177.0268033486,492.7933500041451,2283,1148199.3778089192,502.9344624655788,3529,1770464.0623092712,501.6900148226895,7349,3657002.076633686,497.61900620950865,14877,7453604.049422158,501.0152617746978,4865,2417437.7001515967,496.90394658820037
cust_5,prd_4,2023-08-07 00:00:00,1,808,398177.0268033486,492.7933500041451,2283,1148199.3778089192,502.9344624655788,3529,1770464.0623092712,501.6900148226895,7349,3657002.076633686,497.61900620950865,14877,7453604.049422158,501.0152617746978,4865,2417437.7001515967,496.90394658820037
cust_5,prd_3,2023-08-10 00:00:00,0,796,400020.69918067235,502.53856680988974,2141,1076053.636452911,502.59394509710796,3406,1704236.353202783,500.36299271954937,7215,3598416.162416825,498.74097885195033,14762,7395014.079652988,500.9493347549796,4865,2417437.7001515967,496.90394658820037
cust_6,prd_1,2023-08-08 00:00:00,0,878,446827.7568732963,508.91544063017795,2326,1172772.2025219733,504.2012908520944,3492,1753311.9529380926,502.0939155034629,7194,3587098.077927528,498.6235860338495,14590,7260319.4585165065,497.62299235891396,4993,2498382.3566146838,500.3769991217092
cust_6,prd_2,2023-08-08 00:00:00,1,878,446827.7568732963,508.91544063017795,2326,1172772.2025219733,504.2012908520944,3492,1753311.9529380926,502.0939155034629,7194,3587098.077927528,498.6235860338495,14590,7260319.4585165065,497.62299235891396,4993,2498382.3566146838,500.3769991217092
cust_6,prd_4,2023-08-09 00:00:00,0,881,455094.38438242825,516.5657030447538,2277,1146978.082258746,503.72335628403374,3460,1735938.460103616,501.716317949022,7149,3564211.815891995,498.5608918578798,14538,7235849.959049383,497.71976606475636,4993,2498382.3566146838,500.3769991217092
cust_6,prd_0,2023-08-10 00:00:00,0,871,449426.6718570986,515.9892903066574,2241,1129775.8234264413,504.13914476860367,3425,1720058.6017799093,502.20689103063086,7101,3539998.8878861642,498.52117840954116,14489,7210815.963938037,497.6751993883691,4993,2498382.3566146838,500.3769991217092
cust_6,prd_3,2023-08-10 00:00:00,1,871,449426.6718570986,515.9892903066574,2241,1129775.8234264413,504.13914476860367,3425,1720058.6017799093,502.20689103063086,7101,3539998.8878861642,498.52117840954116,14489,7210815.963938037,497.6751993883691,4993,2498382.3566146838,500.3769991217092
cust_7,prd_3,2023-08-07 00:00:00,0,800,384367.7761366246,480.4597201707815,2240,1099306.103837263,490.76165349877795,3490,1724449.872053907,494.1117111902304,7196,3608203.1700461297,501.4178946701118,14697,7362007.632180483,500.91907410903355,5014,2527872.781894195,504.1629002581157
cust_7,prd_4,2023-08-07 00:00:00,0,800,384367.7761366246,480.4597201707815,2240,1099306.103837263,490.76165349877795,3490,1724449.872053907,494.1117111902304,7196,3608203.1700461297,501.4178946701118,14697,7362007.632180483,500.91907410903355,5014,2527872.781894195,504.1629002581157
cust_7,prd_2,2023-08-08 00:00:00,1,815,391395.1968322768,480.23950531567766,2204,1081010.5827027115,490.47667091774554,3451,1705890.7506059823,494.3178066085133,7157,3587732.14034974,501.28994555676024,14650,7337681.611219961,500.8656389911223,5014,2527872.781894195,504.1629002581157
cust_7,prd_0,2023-08-09 00:00:00,1,819,393935.363310175,480.9955595972833,2170,1062294.737964822,489.5367456059087,3408,1681438.5899121538,493.3798679319694,7118,3566033.7910938566,500.98816958328877,14617,7319710.055601029,500.7669190395435,5014,2527872.781894195,504.1629002581157
cust_7,prd_1,2023-08-10 00:00:00,0,814,399063.29045423574,490.24974257277097,2128,1044471.4684076861,490.8230584622585,3372,1663059.4632144596,493.19675658791743,7075,3541899.033882467,500.62177157349265,14571,7296195.733725546,500.73404253143383,5014,2527872.781894195,504.1629002581157
cust_8,prd_0,2023-08-07 00:00:00,0,816,405207.56353060354,496.57789648358283,2287,1159087.0893679035,506.8155178696571,3558,1804802.1281816335,507.25186289534355,7312,3694499.725151848,505.2652796980093,14639,7372682.289457124,503.63291819503473,5079,2560933.364000017,504.21999684977624
cust_8,prd_2,2023-08-09 00:00:00,0,814,406084.2692236335,498.8750236162573,2208,1117754.5967323175,506.2294369258696,3463,1753799.5088094957,506.43936148122873,7229,3657667.281254401,505.97140424047564,14554,7333470.2885460425,503.8800528065159,5079,2560933.364000017,504.21999684977624
cust_8,prd_4,2023-08-09 00:00:00,0,814,406084.2692236335,498.8750236162573,2208,1117754.5967323175,506.2294369258696,3463,1753799.5088094957,506.43936148122873,7229,3657667.281254401,505.97140424047564,14554,7333470.2885460425,503.8800528065159,5079,2560933.364000017,504.21999684977624
cust_8,prd_1,2023-08-10 00:00:00,0,813,403861.6185058884,496.7547583098261,2160,1094187.1755996826,506.5681368517057,3416,1727551.580521653,505.7235305976735,7191,3638070.997367543,505.92003857148416,14514,7312387.268212803,503.81612706440626,5079,2560933.364000017,504.21999684977624
cust_8,prd_3,2023-08-10 00:00:00,1,813,403861.6185058884,496.7547583098261,2160,1094187.1755996826,506.5681368517057,3416,1727551.580521653,505.7235305976735,7191,3638070.997367543,505.92003857148416,14514,7312387.268212803,503.81612706440626,5079,2560933.364000017,504.21999684977624
